colombia_Norte de SantanderSan José de Cúcuta805_0.png,"7.710400829315242,-72.60329699707025",Norte de SantanderSan José de Cúcuta805
colombia_Norte de SantanderSan José de Cúcuta805_1.png,"7.710400829315242,-72.59029699707024",Norte de SantanderSan José de Cúcuta805
colombia_Norte de SantanderSan José de Cúcuta805_2.png,"7.723400829315242,-72.60329699707025",Norte de SantanderSan José de Cúcuta805
colombia_Norte de SantanderSan José de Cúcuta805_3.png,"7.723400829315242,-72.59029699707024",Norte de SantanderSan José de Cúcuta805
colombia_Norte de SantanderSan José de Cúcuta805_4.png,"7.723400829315242,-72.57729699707023",Norte de SantanderSan José de Cúcuta805
colombia_Norte de SantanderSan José de Cúcuta805_5.png,"7.736400829315242,-72.60329699707025",Norte de SantanderSan José de Cúcuta805
colombia_Norte de SantanderSan José de Cúcuta805_6.png,"7.736400829315242,-72.59029699707024",Norte de SantanderSan José de Cúcuta805
colombia_Norte de SantanderSan José de Cúcuta805_7.png,"7.736400829315242,-72.57729699707023",Norte de SantanderSan José de Cúcuta805
colombia_Norte de SantanderSan José de Cúcuta805_8.png,"7.749400829315242,-72.60329699707025",Norte de SantanderSan José de Cúcuta805
colombia_Norte de SantanderSan José de Cúcuta805_9.png,"7.749400829315242,-72.59029699707024",Norte de SantanderSan José de Cúcuta805
colombia_Norte de SantanderSan José de Cúcuta805_10.png,"7.749400829315242,-72.57729699707023",Norte de SantanderSan José de Cúcuta805
colombia_Norte de SantanderSan José de Cúcuta805_11.png,"7.749400829315242,-72.56429699707023",Norte de SantanderSan José de Cúcuta805
colombia_Norte de SantanderSan José de Cúcuta805_12.png,"7.762400829315242,-72.59029699707024",Norte de SantanderSan José de Cúcuta805
colombia_Norte de SantanderSan José de Cúcuta805_13.png,"7.762400829315242,-72.57729699707023",Norte de SantanderSan José de Cúcuta805
colombia_Norte de SantanderSan José de Cúcuta805_14.png,"7.762400829315242,-72.56429699707023",Norte de SantanderSan José de Cúcuta805
colombia_Norte de SantanderSan José de Cúcuta805_15.png,"7.775400829315242,-72.59029699707024",Norte de SantanderSan José de Cúcuta805
colombia_Norte de SantanderSan José de Cúcuta805_16.png,"7.775400829315242,-72.57729699707023",Norte de SantanderSan José de Cúcuta805
colombia_Norte de SantanderSan José de Cúcuta805_17.png,"7.775400829315242,-72.56429699707023",Norte de SantanderSan José de Cúcuta805
colombia_Norte de SantanderSan José de Cúcuta805_18.png,"7.788400829315242,-72.59029699707024",Norte de SantanderSan José de Cúcuta805
colombia_Norte de SantanderSan José de Cúcuta805_19.png,"7.788400829315242,-72.57729699707023",Norte de SantanderSan José de Cúcuta805
colombia_Norte de SantanderSan José de Cúcuta805_20.png,"7.788400829315242,-72.56429699707023",Norte de SantanderSan José de Cúcuta805
colombia_Norte de SantanderSan José de Cúcuta805_21.png,"7.8014008293152415,-72.60329699707025",Norte de SantanderSan José de Cúcuta805
colombia_Norte de SantanderSan José de Cúcuta805_22.png,"7.8014008293152415,-72.59029699707024",Norte de SantanderSan José de Cúcuta805
colombia_Norte de SantanderSan José de Cúcuta805_23.png,"7.8014008293152415,-72.57729699707023",Norte de SantanderSan José de Cúcuta805
colombia_Norte de SantanderSan José de Cúcuta805_24.png,"7.8014008293152415,-72.56429699707023",Norte de SantanderSan José de Cúcuta805
colombia_Norte de SantanderSan José de Cúcuta805_25.png,"7.8014008293152415,-72.55129699707022",Norte de SantanderSan José de Cúcuta805
colombia_Norte de SantanderSan José de Cúcuta805_26.png,"7.814400829315241,-72.60329699707025",Norte de SantanderSan José de Cúcuta805
colombia_Norte de SantanderSan José de Cúcuta805_27.png,"7.814400829315241,-72.59029699707024",Norte de SantanderSan José de Cúcuta805
colombia_Norte de SantanderSan José de Cúcuta805_28.png,"7.814400829315241,-72.57729699707023",Norte de SantanderSan José de Cúcuta805
colombia_Norte de SantanderSan José de Cúcuta805_29.png,"7.814400829315241,-72.56429699707023",Norte de SantanderSan José de Cúcuta805
colombia_Norte de SantanderSan José de Cúcuta805_30.png,"7.814400829315241,-72.55129699707022",Norte de SantanderSan José de Cúcuta805
colombia_Norte de SantanderSan José de Cúcuta805_31.png,"7.827400829315241,-72.59029699707024",Norte de SantanderSan José de Cúcuta805
colombia_Norte de SantanderSan José de Cúcuta805_32.png,"7.827400829315241,-72.57729699707023",Norte de SantanderSan José de Cúcuta805
colombia_Norte de SantanderSan José de Cúcuta805_33.png,"7.827400829315241,-72.56429699707023",Norte de SantanderSan José de Cúcuta805
colombia_Norte de SantanderSan José de Cúcuta805_34.png,"7.827400829315241,-72.55129699707022",Norte de SantanderSan José de Cúcuta805
colombia_Norte de SantanderSan José de Cúcuta805_35.png,"7.827400829315241,-72.53829699707022",Norte de SantanderSan José de Cúcuta805
colombia_Norte de SantanderSan José de Cúcuta805_36.png,"7.840400829315241,-72.57729699707023",Norte de SantanderSan José de Cúcuta805
colombia_Norte de SantanderSan José de Cúcuta805_37.png,"7.840400829315241,-72.56429699707023",Norte de SantanderSan José de Cúcuta805
colombia_Norte de SantanderSan José de Cúcuta805_38.png,"7.840400829315241,-72.55129699707022",Norte de SantanderSan José de Cúcuta805
colombia_Norte de SantanderSan José de Cúcuta805_39.png,"7.840400829315241,-72.53829699707022",Norte de SantanderSan José de Cúcuta805
colombia_Norte de SantanderSan José de Cúcuta805_40.png,"7.853400829315241,-72.57729699707023",Norte de SantanderSan José de Cúcuta805
colombia_Norte de SantanderSan José de Cúcuta805_41.png,"7.853400829315241,-72.56429699707023",Norte de SantanderSan José de Cúcuta805
colombia_Norte de SantanderSan José de Cúcuta805_42.png,"7.853400829315241,-72.55129699707022",Norte de SantanderSan José de Cúcuta805
colombia_Norte de SantanderSan José de Cúcuta805_43.png,"7.853400829315241,-72.53829699707022",Norte de SantanderSan José de Cúcuta805
colombia_Norte de SantanderSan José de Cúcuta805_44.png,"7.866400829315241,-72.56429699707023",Norte de SantanderSan José de Cúcuta805
colombia_Norte de SantanderSan José de Cúcuta805_45.png,"7.866400829315241,-72.55129699707022",Norte de SantanderSan José de Cúcuta805
colombia_Norte de SantanderSan José de Cúcuta805_46.png,"7.866400829315241,-72.53829699707022",Norte de SantanderSan José de Cúcuta805
colombia_Norte de SantanderSan José de Cúcuta805_47.png,"7.866400829315241,-72.52529699707021",Norte de SantanderSan José de Cúcuta805
colombia_Norte de SantanderSan José de Cúcuta805_48.png,"7.879400829315241,-72.59029699707024",Norte de SantanderSan José de Cúcuta805
colombia_Norte de SantanderSan José de Cúcuta805_49.png,"7.879400829315241,-72.57729699707023",Norte de SantanderSan José de Cúcuta805
colombia_Norte de SantanderSan José de Cúcuta805_50.png,"7.879400829315241,-72.56429699707023",Norte de SantanderSan José de Cúcuta805
colombia_Norte de SantanderSan José de Cúcuta805_51.png,"7.879400829315241,-72.55129699707022",Norte de SantanderSan José de Cúcuta805
colombia_Norte de SantanderSan José de Cúcuta805_52.png,"7.879400829315241,-72.53829699707022",Norte de SantanderSan José de Cúcuta805
colombia_Norte de SantanderSan José de Cúcuta805_53.png,"7.879400829315241,-72.52529699707021",Norte de SantanderSan José de Cúcuta805
colombia_Norte de SantanderSan José de Cúcuta805_54.png,"7.879400829315241,-72.51229699707021",Norte de SantanderSan José de Cúcuta805
colombia_Norte de SantanderSan José de Cúcuta805_55.png,"7.879400829315241,-72.4992969970702",Norte de SantanderSan José de Cúcuta805
colombia_Norte de SantanderSan José de Cúcuta805_56.png,"7.879400829315241,-72.4862969970702",Norte de SantanderSan José de Cúcuta805
colombia_Norte de SantanderSan José de Cúcuta805_57.png,"7.879400829315241,-72.4732969970702",Norte de SantanderSan José de Cúcuta805
colombia_Norte de SantanderSan José de Cúcuta805_58.png,"7.879400829315241,-72.46029699707019",Norte de SantanderSan José de Cúcuta805
colombia_Norte de SantanderSan José de Cúcuta805_59.png,"7.892400829315241,-72.60329699707025",Norte de SantanderSan José de Cúcuta805
colombia_Norte de SantanderSan José de Cúcuta805_60.png,"7.892400829315241,-72.59029699707024",Norte de SantanderSan José de Cúcuta805
colombia_Norte de SantanderSan José de Cúcuta805_61.png,"7.892400829315241,-72.57729699707023",Norte de SantanderSan José de Cúcuta805
colombia_Norte de SantanderSan José de Cúcuta805_62.png,"7.892400829315241,-72.56429699707023",Norte de SantanderSan José de Cúcuta805
colombia_Norte de SantanderSan José de Cúcuta805_63.png,"7.892400829315241,-72.55129699707022",Norte de SantanderSan José de Cúcuta805
colombia_Norte de SantanderSan José de Cúcuta805_64.png,"7.892400829315241,-72.53829699707022",Norte de SantanderSan José de Cúcuta805
colombia_Norte de SantanderSan José de Cúcuta805_65.png,"7.892400829315241,-72.52529699707021",Norte de SantanderSan José de Cúcuta805
colombia_Norte de SantanderSan José de Cúcuta805_66.png,"7.892400829315241,-72.51229699707021",Norte de SantanderSan José de Cúcuta805
colombia_Norte de SantanderSan José de Cúcuta805_67.png,"7.892400829315241,-72.4992969970702",Norte de SantanderSan José de Cúcuta805
colombia_Norte de SantanderSan José de Cúcuta805_68.png,"7.892400829315241,-72.4862969970702",Norte de SantanderSan José de Cúcuta805
colombia_Norte de SantanderSan José de Cúcuta805_69.png,"7.892400829315241,-72.4732969970702",Norte de SantanderSan José de Cúcuta805
colombia_Norte de SantanderSan José de Cúcuta805_70.png,"7.892400829315241,-72.46029699707019",Norte de SantanderSan José de Cúcuta805
colombia_Norte de SantanderSan José de Cúcuta805_71.png,"7.905400829315241,-72.61629699707025",Norte de SantanderSan José de Cúcuta805
colombia_Norte de SantanderSan José de Cúcuta805_72.png,"7.905400829315241,-72.60329699707025",Norte de SantanderSan José de Cúcuta805
colombia_Norte de SantanderSan José de Cúcuta805_73.png,"7.905400829315241,-72.59029699707024",Norte de SantanderSan José de Cúcuta805
colombia_Norte de SantanderSan José de Cúcuta805_74.png,"7.905400829315241,-72.57729699707023",Norte de SantanderSan José de Cúcuta805
colombia_Norte de SantanderSan José de Cúcuta805_75.png,"7.905400829315241,-72.56429699707023",Norte de SantanderSan José de Cúcuta805
colombia_Norte de SantanderSan José de Cúcuta805_76.png,"7.905400829315241,-72.55129699707022",Norte de SantanderSan José de Cúcuta805
colombia_Norte de SantanderSan José de Cúcuta805_77.png,"7.905400829315241,-72.53829699707022",Norte de SantanderSan José de Cúcuta805
colombia_Norte de SantanderSan José de Cúcuta805_78.png,"7.905400829315241,-72.52529699707021",Norte de SantanderSan José de Cúcuta805
colombia_Norte de SantanderSan José de Cúcuta805_79.png,"7.905400829315241,-72.51229699707021",Norte de SantanderSan José de Cúcuta805
colombia_Norte de SantanderSan José de Cúcuta805_80.png,"7.905400829315241,-72.4992969970702",Norte de SantanderSan José de Cúcuta805
colombia_Norte de SantanderSan José de Cúcuta805_81.png,"7.905400829315241,-72.4862969970702",Norte de SantanderSan José de Cúcuta805
colombia_Norte de SantanderSan José de Cúcuta805_82.png,"7.905400829315241,-72.4732969970702",Norte de SantanderSan José de Cúcuta805
colombia_Norte de SantanderSan José de Cúcuta805_83.png,"7.918400829315241,-72.61629699707025",Norte de SantanderSan José de Cúcuta805
colombia_Norte de SantanderSan José de Cúcuta805_84.png,"7.918400829315241,-72.60329699707025",Norte de SantanderSan José de Cúcuta805
colombia_Norte de SantanderSan José de Cúcuta805_85.png,"7.918400829315241,-72.59029699707024",Norte de SantanderSan José de Cúcuta805
colombia_Norte de SantanderSan José de Cúcuta805_86.png,"7.918400829315241,-72.57729699707023",Norte de SantanderSan José de Cúcuta805
colombia_Norte de SantanderSan José de Cúcuta805_87.png,"7.918400829315241,-72.56429699707023",Norte de SantanderSan José de Cúcuta805
colombia_Norte de SantanderSan José de Cúcuta805_88.png,"7.918400829315241,-72.55129699707022",Norte de SantanderSan José de Cúcuta805
colombia_Norte de SantanderSan José de Cúcuta805_89.png,"7.918400829315241,-72.53829699707022",Norte de SantanderSan José de Cúcuta805
colombia_Norte de SantanderSan José de Cúcuta805_90.png,"7.918400829315241,-72.52529699707021",Norte de SantanderSan José de Cúcuta805
colombia_Norte de SantanderSan José de Cúcuta805_91.png,"7.918400829315241,-72.51229699707021",Norte de SantanderSan José de Cúcuta805
colombia_Norte de SantanderSan José de Cúcuta805_92.png,"7.918400829315241,-72.4992969970702",Norte de SantanderSan José de Cúcuta805
colombia_Norte de SantanderSan José de Cúcuta805_93.png,"7.918400829315241,-72.4862969970702",Norte de SantanderSan José de Cúcuta805
colombia_Norte de SantanderSan José de Cúcuta805_94.png,"7.918400829315241,-72.4732969970702",Norte de SantanderSan José de Cúcuta805
colombia_Norte de SantanderSan José de Cúcuta805_95.png,"7.9314008293152405,-72.61629699707025",Norte de SantanderSan José de Cúcuta805
colombia_Norte de SantanderSan José de Cúcuta805_96.png,"7.9314008293152405,-72.60329699707025",Norte de SantanderSan José de Cúcuta805
colombia_Norte de SantanderSan José de Cúcuta805_97.png,"7.9314008293152405,-72.59029699707024",Norte de SantanderSan José de Cúcuta805
colombia_Norte de SantanderSan José de Cúcuta805_98.png,"7.9314008293152405,-72.57729699707023",Norte de SantanderSan José de Cúcuta805
colombia_Norte de SantanderSan José de Cúcuta805_99.png,"7.9314008293152405,-72.56429699707023",Norte de SantanderSan José de Cúcuta805
colombia_Norte de SantanderSan José de Cúcuta805_100.png,"7.9314008293152405,-72.55129699707022",Norte de SantanderSan José de Cúcuta805
colombia_Norte de SantanderSan José de Cúcuta805_101.png,"7.9314008293152405,-72.53829699707022",Norte de SantanderSan José de Cúcuta805
colombia_Norte de SantanderSan José de Cúcuta805_102.png,"7.9314008293152405,-72.52529699707021",Norte de SantanderSan José de Cúcuta805
colombia_Norte de SantanderSan José de Cúcuta805_103.png,"7.9314008293152405,-72.51229699707021",Norte de SantanderSan José de Cúcuta805
colombia_Norte de SantanderSan José de Cúcuta805_104.png,"7.9314008293152405,-72.4992969970702",Norte de SantanderSan José de Cúcuta805
colombia_Norte de SantanderSan José de Cúcuta805_105.png,"7.9314008293152405,-72.4862969970702",Norte de SantanderSan José de Cúcuta805
colombia_Norte de SantanderSan José de Cúcuta805_106.png,"7.94440082931524,-72.61629699707025",Norte de SantanderSan José de Cúcuta805
colombia_Norte de SantanderSan José de Cúcuta805_107.png,"7.94440082931524,-72.60329699707025",Norte de SantanderSan José de Cúcuta805
colombia_Norte de SantanderSan José de Cúcuta805_108.png,"7.94440082931524,-72.59029699707024",Norte de SantanderSan José de Cúcuta805
colombia_Norte de SantanderSan José de Cúcuta805_109.png,"7.94440082931524,-72.57729699707023",Norte de SantanderSan José de Cúcuta805
colombia_Norte de SantanderSan José de Cúcuta805_110.png,"7.94440082931524,-72.56429699707023",Norte de SantanderSan José de Cúcuta805
colombia_Norte de SantanderSan José de Cúcuta805_111.png,"7.94440082931524,-72.55129699707022",Norte de SantanderSan José de Cúcuta805
colombia_Norte de SantanderSan José de Cúcuta805_112.png,"7.94440082931524,-72.53829699707022",Norte de SantanderSan José de Cúcuta805
colombia_Norte de SantanderSan José de Cúcuta805_113.png,"7.94440082931524,-72.52529699707021",Norte de SantanderSan José de Cúcuta805
colombia_Norte de SantanderSan José de Cúcuta805_114.png,"7.94440082931524,-72.51229699707021",Norte de SantanderSan José de Cúcuta805
colombia_Norte de SantanderSan José de Cúcuta805_115.png,"7.94440082931524,-72.4992969970702",Norte de SantanderSan José de Cúcuta805
colombia_Norte de SantanderSan José de Cúcuta805_116.png,"7.94440082931524,-72.4862969970702",Norte de SantanderSan José de Cúcuta805
colombia_Norte de SantanderSan José de Cúcuta805_117.png,"7.95740082931524,-72.61629699707025",Norte de SantanderSan José de Cúcuta805
colombia_Norte de SantanderSan José de Cúcuta805_118.png,"7.95740082931524,-72.60329699707025",Norte de SantanderSan José de Cúcuta805
colombia_Norte de SantanderSan José de Cúcuta805_119.png,"7.95740082931524,-72.59029699707024",Norte de SantanderSan José de Cúcuta805
colombia_Norte de SantanderSan José de Cúcuta805_120.png,"7.95740082931524,-72.57729699707023",Norte de SantanderSan José de Cúcuta805
colombia_Norte de SantanderSan José de Cúcuta805_121.png,"7.95740082931524,-72.56429699707023",Norte de SantanderSan José de Cúcuta805
colombia_Norte de SantanderSan José de Cúcuta805_122.png,"7.95740082931524,-72.55129699707022",Norte de SantanderSan José de Cúcuta805
colombia_Norte de SantanderSan José de Cúcuta805_123.png,"7.95740082931524,-72.53829699707022",Norte de SantanderSan José de Cúcuta805
colombia_Norte de SantanderSan José de Cúcuta805_124.png,"7.95740082931524,-72.52529699707021",Norte de SantanderSan José de Cúcuta805
colombia_Norte de SantanderSan José de Cúcuta805_125.png,"7.95740082931524,-72.51229699707021",Norte de SantanderSan José de Cúcuta805
colombia_Norte de SantanderSan José de Cúcuta805_126.png,"7.95740082931524,-72.4992969970702",Norte de SantanderSan José de Cúcuta805
colombia_Norte de SantanderSan José de Cúcuta805_127.png,"7.95740082931524,-72.4862969970702",Norte de SantanderSan José de Cúcuta805
colombia_Norte de SantanderSan José de Cúcuta805_128.png,"7.95740082931524,-72.4732969970702",Norte de SantanderSan José de Cúcuta805
colombia_Norte de SantanderSan José de Cúcuta805_129.png,"7.97040082931524,-72.61629699707025",Norte de SantanderSan José de Cúcuta805
colombia_Norte de SantanderSan José de Cúcuta805_130.png,"7.97040082931524,-72.60329699707025",Norte de SantanderSan José de Cúcuta805
colombia_Norte de SantanderSan José de Cúcuta805_131.png,"7.97040082931524,-72.59029699707024",Norte de SantanderSan José de Cúcuta805
colombia_Norte de SantanderSan José de Cúcuta805_132.png,"7.97040082931524,-72.57729699707023",Norte de SantanderSan José de Cúcuta805
colombia_Norte de SantanderSan José de Cúcuta805_133.png,"7.97040082931524,-72.56429699707023",Norte de SantanderSan José de Cúcuta805
colombia_Norte de SantanderSan José de Cúcuta805_134.png,"7.97040082931524,-72.55129699707022",Norte de SantanderSan José de Cúcuta805
colombia_Norte de SantanderSan José de Cúcuta805_135.png,"7.97040082931524,-72.53829699707022",Norte de SantanderSan José de Cúcuta805
colombia_Norte de SantanderSan José de Cúcuta805_136.png,"7.97040082931524,-72.52529699707021",Norte de SantanderSan José de Cúcuta805
colombia_Norte de SantanderSan José de Cúcuta805_137.png,"7.97040082931524,-72.51229699707021",Norte de SantanderSan José de Cúcuta805
colombia_Norte de SantanderSan José de Cúcuta805_138.png,"7.97040082931524,-72.4992969970702",Norte de SantanderSan José de Cúcuta805
colombia_Norte de SantanderSan José de Cúcuta805_139.png,"7.97040082931524,-72.4862969970702",Norte de SantanderSan José de Cúcuta805
colombia_Norte de SantanderSan José de Cúcuta805_140.png,"7.97040082931524,-72.4732969970702",Norte de SantanderSan José de Cúcuta805
colombia_Norte de SantanderSan José de Cúcuta805_141.png,"7.97040082931524,-72.46029699707019",Norte de SantanderSan José de Cúcuta805
colombia_Norte de SantanderSan José de Cúcuta805_142.png,"7.97040082931524,-72.44729699707018",Norte de SantanderSan José de Cúcuta805
colombia_Norte de SantanderSan José de Cúcuta805_143.png,"7.98340082931524,-72.61629699707025",Norte de SantanderSan José de Cúcuta805
colombia_Norte de SantanderSan José de Cúcuta805_144.png,"7.98340082931524,-72.60329699707025",Norte de SantanderSan José de Cúcuta805
colombia_Norte de SantanderSan José de Cúcuta805_145.png,"7.98340082931524,-72.59029699707024",Norte de SantanderSan José de Cúcuta805
colombia_Norte de SantanderSan José de Cúcuta805_146.png,"7.98340082931524,-72.57729699707023",Norte de SantanderSan José de Cúcuta805
colombia_Norte de SantanderSan José de Cúcuta805_147.png,"7.98340082931524,-72.56429699707023",Norte de SantanderSan José de Cúcuta805
colombia_Norte de SantanderSan José de Cúcuta805_148.png,"7.98340082931524,-72.55129699707022",Norte de SantanderSan José de Cúcuta805
colombia_Norte de SantanderSan José de Cúcuta805_149.png,"7.98340082931524,-72.53829699707022",Norte de SantanderSan José de Cúcuta805
colombia_Norte de SantanderSan José de Cúcuta805_150.png,"7.98340082931524,-72.52529699707021",Norte de SantanderSan José de Cúcuta805
colombia_Norte de SantanderSan José de Cúcuta805_151.png,"7.98340082931524,-72.51229699707021",Norte de SantanderSan José de Cúcuta805
colombia_Norte de SantanderSan José de Cúcuta805_152.png,"7.98340082931524,-72.4992969970702",Norte de SantanderSan José de Cúcuta805
colombia_Norte de SantanderSan José de Cúcuta805_153.png,"7.98340082931524,-72.4862969970702",Norte de SantanderSan José de Cúcuta805
colombia_Norte de SantanderSan José de Cúcuta805_154.png,"7.98340082931524,-72.4732969970702",Norte de SantanderSan José de Cúcuta805
colombia_Norte de SantanderSan José de Cúcuta805_155.png,"7.98340082931524,-72.46029699707019",Norte de SantanderSan José de Cúcuta805
colombia_Norte de SantanderSan José de Cúcuta805_156.png,"7.98340082931524,-72.44729699707018",Norte de SantanderSan José de Cúcuta805
colombia_Norte de SantanderSan José de Cúcuta805_157.png,"7.99640082931524,-72.61629699707025",Norte de SantanderSan José de Cúcuta805
colombia_Norte de SantanderSan José de Cúcuta805_158.png,"7.99640082931524,-72.60329699707025",Norte de SantanderSan José de Cúcuta805
colombia_Norte de SantanderSan José de Cúcuta805_159.png,"7.99640082931524,-72.59029699707024",Norte de SantanderSan José de Cúcuta805
colombia_Norte de SantanderSan José de Cúcuta805_160.png,"7.99640082931524,-72.57729699707023",Norte de SantanderSan José de Cúcuta805
colombia_Norte de SantanderSan José de Cúcuta805_161.png,"7.99640082931524,-72.56429699707023",Norte de SantanderSan José de Cúcuta805
colombia_Norte de SantanderSan José de Cúcuta805_162.png,"7.99640082931524,-72.55129699707022",Norte de SantanderSan José de Cúcuta805
colombia_Norte de SantanderSan José de Cúcuta805_163.png,"7.99640082931524,-72.53829699707022",Norte de SantanderSan José de Cúcuta805
colombia_Norte de SantanderSan José de Cúcuta805_164.png,"7.99640082931524,-72.52529699707021",Norte de SantanderSan José de Cúcuta805
colombia_Norte de SantanderSan José de Cúcuta805_165.png,"7.99640082931524,-72.51229699707021",Norte de SantanderSan José de Cúcuta805
colombia_Norte de SantanderSan José de Cúcuta805_166.png,"7.99640082931524,-72.4992969970702",Norte de SantanderSan José de Cúcuta805
colombia_Norte de SantanderSan José de Cúcuta805_167.png,"7.99640082931524,-72.4862969970702",Norte de SantanderSan José de Cúcuta805
colombia_Norte de SantanderSan José de Cúcuta805_168.png,"7.99640082931524,-72.4732969970702",Norte de SantanderSan José de Cúcuta805
colombia_Norte de SantanderSan José de Cúcuta805_169.png,"7.99640082931524,-72.46029699707019",Norte de SantanderSan José de Cúcuta805
colombia_Norte de SantanderSan José de Cúcuta805_170.png,"7.99640082931524,-72.44729699707018",Norte de SantanderSan José de Cúcuta805
colombia_Norte de SantanderSan José de Cúcuta805_171.png,"7.99640082931524,-72.43429699707018",Norte de SantanderSan José de Cúcuta805
colombia_Norte de SantanderSan José de Cúcuta805_172.png,"7.99640082931524,-72.42129699707017",Norte de SantanderSan José de Cúcuta805
colombia_Norte de SantanderSan José de Cúcuta805_173.png,"8.00940082931524,-72.61629699707025",Norte de SantanderSan José de Cúcuta805
colombia_Norte de SantanderSan José de Cúcuta805_174.png,"8.00940082931524,-72.60329699707025",Norte de SantanderSan José de Cúcuta805
colombia_Norte de SantanderSan José de Cúcuta805_175.png,"8.00940082931524,-72.59029699707024",Norte de SantanderSan José de Cúcuta805
colombia_Norte de SantanderSan José de Cúcuta805_176.png,"8.00940082931524,-72.57729699707023",Norte de SantanderSan José de Cúcuta805
colombia_Norte de SantanderSan José de Cúcuta805_177.png,"8.00940082931524,-72.56429699707023",Norte de SantanderSan José de Cúcuta805
colombia_Norte de SantanderSan José de Cúcuta805_178.png,"8.00940082931524,-72.55129699707022",Norte de SantanderSan José de Cúcuta805
colombia_Norte de SantanderSan José de Cúcuta805_179.png,"8.00940082931524,-72.53829699707022",Norte de SantanderSan José de Cúcuta805
colombia_Norte de SantanderSan José de Cúcuta805_180.png,"8.00940082931524,-72.52529699707021",Norte de SantanderSan José de Cúcuta805
colombia_Norte de SantanderSan José de Cúcuta805_181.png,"8.00940082931524,-72.51229699707021",Norte de SantanderSan José de Cúcuta805
colombia_Norte de SantanderSan José de Cúcuta805_182.png,"8.00940082931524,-72.4992969970702",Norte de SantanderSan José de Cúcuta805
colombia_Norte de SantanderSan José de Cúcuta805_183.png,"8.00940082931524,-72.4862969970702",Norte de SantanderSan José de Cúcuta805
colombia_Norte de SantanderSan José de Cúcuta805_184.png,"8.00940082931524,-72.4732969970702",Norte de SantanderSan José de Cúcuta805
colombia_Norte de SantanderSan José de Cúcuta805_185.png,"8.00940082931524,-72.46029699707019",Norte de SantanderSan José de Cúcuta805
colombia_Norte de SantanderSan José de Cúcuta805_186.png,"8.00940082931524,-72.44729699707018",Norte de SantanderSan José de Cúcuta805
colombia_Norte de SantanderSan José de Cúcuta805_187.png,"8.00940082931524,-72.43429699707018",Norte de SantanderSan José de Cúcuta805
colombia_Norte de SantanderSan José de Cúcuta805_188.png,"8.00940082931524,-72.42129699707017",Norte de SantanderSan José de Cúcuta805
colombia_Norte de SantanderSan José de Cúcuta805_189.png,"8.00940082931524,-72.35629699707015",Norte de SantanderSan José de Cúcuta805
colombia_Norte de SantanderSan José de Cúcuta805_190.png,"8.02240082931524,-72.61629699707025",Norte de SantanderSan José de Cúcuta805
colombia_Norte de SantanderSan José de Cúcuta805_191.png,"8.02240082931524,-72.60329699707025",Norte de SantanderSan José de Cúcuta805
colombia_Norte de SantanderSan José de Cúcuta805_192.png,"8.02240082931524,-72.59029699707024",Norte de SantanderSan José de Cúcuta805
colombia_Norte de SantanderSan José de Cúcuta805_193.png,"8.02240082931524,-72.57729699707023",Norte de SantanderSan José de Cúcuta805
colombia_Norte de SantanderSan José de Cúcuta805_194.png,"8.02240082931524,-72.56429699707023",Norte de SantanderSan José de Cúcuta805
colombia_Norte de SantanderSan José de Cúcuta805_195.png,"8.02240082931524,-72.55129699707022",Norte de SantanderSan José de Cúcuta805
colombia_Norte de SantanderSan José de Cúcuta805_196.png,"8.02240082931524,-72.53829699707022",Norte de SantanderSan José de Cúcuta805
colombia_Norte de SantanderSan José de Cúcuta805_197.png,"8.02240082931524,-72.52529699707021",Norte de SantanderSan José de Cúcuta805
colombia_Norte de SantanderSan José de Cúcuta805_198.png,"8.02240082931524,-72.51229699707021",Norte de SantanderSan José de Cúcuta805
colombia_Norte de SantanderSan José de Cúcuta805_199.png,"8.02240082931524,-72.4992969970702",Norte de SantanderSan José de Cúcuta805
colombia_Norte de SantanderSan José de Cúcuta805_200.png,"8.02240082931524,-72.4862969970702",Norte de SantanderSan José de Cúcuta805
colombia_Norte de SantanderSan José de Cúcuta805_201.png,"8.02240082931524,-72.4732969970702",Norte de SantanderSan José de Cúcuta805
colombia_Norte de SantanderSan José de Cúcuta805_202.png,"8.02240082931524,-72.46029699707019",Norte de SantanderSan José de Cúcuta805
colombia_Norte de SantanderSan José de Cúcuta805_203.png,"8.02240082931524,-72.44729699707018",Norte de SantanderSan José de Cúcuta805
colombia_Norte de SantanderSan José de Cúcuta805_204.png,"8.02240082931524,-72.43429699707018",Norte de SantanderSan José de Cúcuta805
colombia_Norte de SantanderSan José de Cúcuta805_205.png,"8.02240082931524,-72.42129699707017",Norte de SantanderSan José de Cúcuta805
colombia_Norte de SantanderSan José de Cúcuta805_206.png,"8.02240082931524,-72.35629699707015",Norte de SantanderSan José de Cúcuta805
colombia_Norte de SantanderSan José de Cúcuta805_207.png,"8.03540082931524,-72.61629699707025",Norte de SantanderSan José de Cúcuta805
colombia_Norte de SantanderSan José de Cúcuta805_208.png,"8.03540082931524,-72.60329699707025",Norte de SantanderSan José de Cúcuta805
colombia_Norte de SantanderSan José de Cúcuta805_209.png,"8.03540082931524,-72.59029699707024",Norte de SantanderSan José de Cúcuta805
colombia_Norte de SantanderSan José de Cúcuta805_210.png,"8.03540082931524,-72.57729699707023",Norte de SantanderSan José de Cúcuta805
colombia_Norte de SantanderSan José de Cúcuta805_211.png,"8.03540082931524,-72.56429699707023",Norte de SantanderSan José de Cúcuta805
colombia_Norte de SantanderSan José de Cúcuta805_212.png,"8.03540082931524,-72.55129699707022",Norte de SantanderSan José de Cúcuta805
colombia_Norte de SantanderSan José de Cúcuta805_213.png,"8.03540082931524,-72.53829699707022",Norte de SantanderSan José de Cúcuta805
colombia_Norte de SantanderSan José de Cúcuta805_214.png,"8.03540082931524,-72.52529699707021",Norte de SantanderSan José de Cúcuta805
colombia_Norte de SantanderSan José de Cúcuta805_215.png,"8.03540082931524,-72.51229699707021",Norte de SantanderSan José de Cúcuta805
colombia_Norte de SantanderSan José de Cúcuta805_216.png,"8.03540082931524,-72.4992969970702",Norte de SantanderSan José de Cúcuta805
colombia_Norte de SantanderSan José de Cúcuta805_217.png,"8.03540082931524,-72.4862969970702",Norte de SantanderSan José de Cúcuta805
colombia_Norte de SantanderSan José de Cúcuta805_218.png,"8.03540082931524,-72.4732969970702",Norte de SantanderSan José de Cúcuta805
colombia_Norte de SantanderSan José de Cúcuta805_219.png,"8.03540082931524,-72.46029699707019",Norte de SantanderSan José de Cúcuta805
colombia_Norte de SantanderSan José de Cúcuta805_220.png,"8.03540082931524,-72.44729699707018",Norte de SantanderSan José de Cúcuta805
colombia_Norte de SantanderSan José de Cúcuta805_221.png,"8.03540082931524,-72.43429699707018",Norte de SantanderSan José de Cúcuta805
colombia_Norte de SantanderSan José de Cúcuta805_222.png,"8.03540082931524,-72.42129699707017",Norte de SantanderSan José de Cúcuta805
colombia_Norte de SantanderSan José de Cúcuta805_223.png,"8.03540082931524,-72.36929699707015",Norte de SantanderSan José de Cúcuta805
colombia_Norte de SantanderSan José de Cúcuta805_224.png,"8.03540082931524,-72.35629699707015",Norte de SantanderSan José de Cúcuta805
colombia_Norte de SantanderSan José de Cúcuta805_225.png,"8.04840082931524,-72.61629699707025",Norte de SantanderSan José de Cúcuta805
colombia_Norte de SantanderSan José de Cúcuta805_226.png,"8.04840082931524,-72.60329699707025",Norte de SantanderSan José de Cúcuta805
colombia_Norte de SantanderSan José de Cúcuta805_227.png,"8.04840082931524,-72.59029699707024",Norte de SantanderSan José de Cúcuta805
colombia_Norte de SantanderSan José de Cúcuta805_228.png,"8.04840082931524,-72.57729699707023",Norte de SantanderSan José de Cúcuta805
colombia_Norte de SantanderSan José de Cúcuta805_229.png,"8.04840082931524,-72.56429699707023",Norte de SantanderSan José de Cúcuta805
colombia_Norte de SantanderSan José de Cúcuta805_230.png,"8.04840082931524,-72.55129699707022",Norte de SantanderSan José de Cúcuta805
colombia_Norte de SantanderSan José de Cúcuta805_231.png,"8.04840082931524,-72.53829699707022",Norte de SantanderSan José de Cúcuta805
colombia_Norte de SantanderSan José de Cúcuta805_232.png,"8.04840082931524,-72.52529699707021",Norte de SantanderSan José de Cúcuta805
colombia_Norte de SantanderSan José de Cúcuta805_233.png,"8.04840082931524,-72.51229699707021",Norte de SantanderSan José de Cúcuta805
colombia_Norte de SantanderSan José de Cúcuta805_234.png,"8.04840082931524,-72.4992969970702",Norte de SantanderSan José de Cúcuta805
colombia_Norte de SantanderSan José de Cúcuta805_235.png,"8.04840082931524,-72.4862969970702",Norte de SantanderSan José de Cúcuta805
colombia_Norte de SantanderSan José de Cúcuta805_236.png,"8.04840082931524,-72.4732969970702",Norte de SantanderSan José de Cúcuta805
colombia_Norte de SantanderSan José de Cúcuta805_237.png,"8.04840082931524,-72.46029699707019",Norte de SantanderSan José de Cúcuta805
colombia_Norte de SantanderSan José de Cúcuta805_238.png,"8.04840082931524,-72.44729699707018",Norte de SantanderSan José de Cúcuta805
colombia_Norte de SantanderSan José de Cúcuta805_239.png,"8.04840082931524,-72.43429699707018",Norte de SantanderSan José de Cúcuta805
colombia_Norte de SantanderSan José de Cúcuta805_240.png,"8.04840082931524,-72.42129699707017",Norte de SantanderSan José de Cúcuta805
colombia_Norte de SantanderSan José de Cúcuta805_241.png,"8.04840082931524,-72.40829699707017",Norte de SantanderSan José de Cúcuta805
colombia_Norte de SantanderSan José de Cúcuta805_242.png,"8.04840082931524,-72.39529699707016",Norte de SantanderSan José de Cúcuta805
colombia_Norte de SantanderSan José de Cúcuta805_243.png,"8.04840082931524,-72.38229699707016",Norte de SantanderSan José de Cúcuta805
colombia_Norte de SantanderSan José de Cúcuta805_244.png,"8.04840082931524,-72.36929699707015",Norte de SantanderSan José de Cúcuta805
colombia_Norte de SantanderSan José de Cúcuta805_245.png,"8.04840082931524,-72.35629699707015",Norte de SantanderSan José de Cúcuta805
colombia_Norte de SantanderSan José de Cúcuta805_246.png,"8.06140082931524,-72.60329699707025",Norte de SantanderSan José de Cúcuta805
colombia_Norte de SantanderSan José de Cúcuta805_247.png,"8.06140082931524,-72.59029699707024",Norte de SantanderSan José de Cúcuta805
colombia_Norte de SantanderSan José de Cúcuta805_248.png,"8.06140082931524,-72.57729699707023",Norte de SantanderSan José de Cúcuta805
colombia_Norte de SantanderSan José de Cúcuta805_249.png,"8.06140082931524,-72.56429699707023",Norte de SantanderSan José de Cúcuta805
colombia_Norte de SantanderSan José de Cúcuta805_250.png,"8.06140082931524,-72.55129699707022",Norte de SantanderSan José de Cúcuta805
colombia_Norte de SantanderSan José de Cúcuta805_251.png,"8.06140082931524,-72.53829699707022",Norte de SantanderSan José de Cúcuta805
colombia_Norte de SantanderSan José de Cúcuta805_252.png,"8.06140082931524,-72.52529699707021",Norte de SantanderSan José de Cúcuta805
colombia_Norte de SantanderSan José de Cúcuta805_253.png,"8.06140082931524,-72.51229699707021",Norte de SantanderSan José de Cúcuta805
colombia_Norte de SantanderSan José de Cúcuta805_254.png,"8.06140082931524,-72.4992969970702",Norte de SantanderSan José de Cúcuta805
colombia_Norte de SantanderSan José de Cúcuta805_255.png,"8.06140082931524,-72.4862969970702",Norte de SantanderSan José de Cúcuta805
colombia_Norte de SantanderSan José de Cúcuta805_256.png,"8.06140082931524,-72.4732969970702",Norte de SantanderSan José de Cúcuta805
colombia_Norte de SantanderSan José de Cúcuta805_257.png,"8.06140082931524,-72.46029699707019",Norte de SantanderSan José de Cúcuta805
colombia_Norte de SantanderSan José de Cúcuta805_258.png,"8.06140082931524,-72.44729699707018",Norte de SantanderSan José de Cúcuta805
colombia_Norte de SantanderSan José de Cúcuta805_259.png,"8.06140082931524,-72.43429699707018",Norte de SantanderSan José de Cúcuta805
colombia_Norte de SantanderSan José de Cúcuta805_260.png,"8.06140082931524,-72.42129699707017",Norte de SantanderSan José de Cúcuta805
colombia_Norte de SantanderSan José de Cúcuta805_261.png,"8.06140082931524,-72.40829699707017",Norte de SantanderSan José de Cúcuta805
colombia_Norte de SantanderSan José de Cúcuta805_262.png,"8.06140082931524,-72.39529699707016",Norte de SantanderSan José de Cúcuta805
colombia_Norte de SantanderSan José de Cúcuta805_263.png,"8.06140082931524,-72.38229699707016",Norte de SantanderSan José de Cúcuta805
colombia_Norte de SantanderSan José de Cúcuta805_264.png,"8.06140082931524,-72.36929699707015",Norte de SantanderSan José de Cúcuta805
colombia_Norte de SantanderSan José de Cúcuta805_265.png,"8.06140082931524,-72.35629699707015",Norte de SantanderSan José de Cúcuta805
colombia_Norte de SantanderSan José de Cúcuta805_266.png,"8.07440082931524,-72.59029699707024",Norte de SantanderSan José de Cúcuta805
colombia_Norte de SantanderSan José de Cúcuta805_267.png,"8.07440082931524,-72.57729699707023",Norte de SantanderSan José de Cúcuta805
colombia_Norte de SantanderSan José de Cúcuta805_268.png,"8.07440082931524,-72.56429699707023",Norte de SantanderSan José de Cúcuta805
colombia_Norte de SantanderSan José de Cúcuta805_269.png,"8.07440082931524,-72.55129699707022",Norte de SantanderSan José de Cúcuta805
colombia_Norte de SantanderSan José de Cúcuta805_270.png,"8.07440082931524,-72.53829699707022",Norte de SantanderSan José de Cúcuta805
colombia_Norte de SantanderSan José de Cúcuta805_271.png,"8.07440082931524,-72.52529699707021",Norte de SantanderSan José de Cúcuta805
colombia_Norte de SantanderSan José de Cúcuta805_272.png,"8.07440082931524,-72.51229699707021",Norte de SantanderSan José de Cúcuta805
colombia_Norte de SantanderSan José de Cúcuta805_273.png,"8.07440082931524,-72.4992969970702",Norte de SantanderSan José de Cúcuta805
colombia_Norte de SantanderSan José de Cúcuta805_274.png,"8.07440082931524,-72.4862969970702",Norte de SantanderSan José de Cúcuta805
colombia_Norte de SantanderSan José de Cúcuta805_275.png,"8.07440082931524,-72.4732969970702",Norte de SantanderSan José de Cúcuta805
colombia_Norte de SantanderSan José de Cúcuta805_276.png,"8.07440082931524,-72.46029699707019",Norte de SantanderSan José de Cúcuta805
colombia_Norte de SantanderSan José de Cúcuta805_277.png,"8.07440082931524,-72.44729699707018",Norte de SantanderSan José de Cúcuta805
colombia_Norte de SantanderSan José de Cúcuta805_278.png,"8.07440082931524,-72.43429699707018",Norte de SantanderSan José de Cúcuta805
colombia_Norte de SantanderSan José de Cúcuta805_279.png,"8.07440082931524,-72.42129699707017",Norte de SantanderSan José de Cúcuta805
colombia_Norte de SantanderSan José de Cúcuta805_280.png,"8.07440082931524,-72.40829699707017",Norte de SantanderSan José de Cúcuta805
colombia_Norte de SantanderSan José de Cúcuta805_281.png,"8.07440082931524,-72.39529699707016",Norte de SantanderSan José de Cúcuta805
colombia_Norte de SantanderSan José de Cúcuta805_282.png,"8.07440082931524,-72.38229699707016",Norte de SantanderSan José de Cúcuta805
colombia_Norte de SantanderSan José de Cúcuta805_283.png,"8.07440082931524,-72.36929699707015",Norte de SantanderSan José de Cúcuta805
colombia_Norte de SantanderSan José de Cúcuta805_284.png,"8.07440082931524,-72.35629699707015",Norte de SantanderSan José de Cúcuta805
colombia_Norte de SantanderSan José de Cúcuta805_285.png,"8.08740082931524,-72.57729699707023",Norte de SantanderSan José de Cúcuta805
colombia_Norte de SantanderSan José de Cúcuta805_286.png,"8.08740082931524,-72.56429699707023",Norte de SantanderSan José de Cúcuta805
colombia_Norte de SantanderSan José de Cúcuta805_287.png,"8.08740082931524,-72.55129699707022",Norte de SantanderSan José de Cúcuta805
colombia_Norte de SantanderSan José de Cúcuta805_288.png,"8.08740082931524,-72.53829699707022",Norte de SantanderSan José de Cúcuta805
colombia_Norte de SantanderSan José de Cúcuta805_289.png,"8.08740082931524,-72.52529699707021",Norte de SantanderSan José de Cúcuta805
colombia_Norte de SantanderSan José de Cúcuta805_290.png,"8.08740082931524,-72.51229699707021",Norte de SantanderSan José de Cúcuta805
colombia_Norte de SantanderSan José de Cúcuta805_291.png,"8.08740082931524,-72.4992969970702",Norte de SantanderSan José de Cúcuta805
colombia_Norte de SantanderSan José de Cúcuta805_292.png,"8.08740082931524,-72.4862969970702",Norte de SantanderSan José de Cúcuta805
colombia_Norte de SantanderSan José de Cúcuta805_293.png,"8.08740082931524,-72.4732969970702",Norte de SantanderSan José de Cúcuta805
colombia_Norte de SantanderSan José de Cúcuta805_294.png,"8.08740082931524,-72.46029699707019",Norte de SantanderSan José de Cúcuta805
colombia_Norte de SantanderSan José de Cúcuta805_295.png,"8.08740082931524,-72.44729699707018",Norte de SantanderSan José de Cúcuta805
colombia_Norte de SantanderSan José de Cúcuta805_296.png,"8.08740082931524,-72.43429699707018",Norte de SantanderSan José de Cúcuta805
colombia_Norte de SantanderSan José de Cúcuta805_297.png,"8.08740082931524,-72.42129699707017",Norte de SantanderSan José de Cúcuta805
colombia_Norte de SantanderSan José de Cúcuta805_298.png,"8.08740082931524,-72.40829699707017",Norte de SantanderSan José de Cúcuta805
colombia_Norte de SantanderSan José de Cúcuta805_299.png,"8.08740082931524,-72.39529699707016",Norte de SantanderSan José de Cúcuta805
colombia_Norte de SantanderSan José de Cúcuta805_300.png,"8.08740082931524,-72.38229699707016",Norte de SantanderSan José de Cúcuta805
colombia_Norte de SantanderSan José de Cúcuta805_301.png,"8.08740082931524,-72.36929699707015",Norte de SantanderSan José de Cúcuta805
colombia_Norte de SantanderSan José de Cúcuta805_302.png,"8.08740082931524,-72.35629699707015",Norte de SantanderSan José de Cúcuta805
colombia_Norte de SantanderSan José de Cúcuta805_303.png,"8.10040082931524,-72.57729699707023",Norte de SantanderSan José de Cúcuta805
colombia_Norte de SantanderSan José de Cúcuta805_304.png,"8.10040082931524,-72.56429699707023",Norte de SantanderSan José de Cúcuta805
colombia_Norte de SantanderSan José de Cúcuta805_305.png,"8.10040082931524,-72.55129699707022",Norte de SantanderSan José de Cúcuta805
colombia_Norte de SantanderSan José de Cúcuta805_306.png,"8.10040082931524,-72.53829699707022",Norte de SantanderSan José de Cúcuta805
colombia_Norte de SantanderSan José de Cúcuta805_307.png,"8.10040082931524,-72.52529699707021",Norte de SantanderSan José de Cúcuta805
colombia_Norte de SantanderSan José de Cúcuta805_308.png,"8.10040082931524,-72.51229699707021",Norte de SantanderSan José de Cúcuta805
colombia_Norte de SantanderSan José de Cúcuta805_309.png,"8.10040082931524,-72.4992969970702",Norte de SantanderSan José de Cúcuta805
colombia_Norte de SantanderSan José de Cúcuta805_310.png,"8.10040082931524,-72.4862969970702",Norte de SantanderSan José de Cúcuta805
colombia_Norte de SantanderSan José de Cúcuta805_311.png,"8.10040082931524,-72.4732969970702",Norte de SantanderSan José de Cúcuta805
colombia_Norte de SantanderSan José de Cúcuta805_312.png,"8.10040082931524,-72.46029699707019",Norte de SantanderSan José de Cúcuta805
colombia_Norte de SantanderSan José de Cúcuta805_313.png,"8.10040082931524,-72.44729699707018",Norte de SantanderSan José de Cúcuta805
colombia_Norte de SantanderSan José de Cúcuta805_314.png,"8.10040082931524,-72.43429699707018",Norte de SantanderSan José de Cúcuta805
colombia_Norte de SantanderSan José de Cúcuta805_315.png,"8.10040082931524,-72.42129699707017",Norte de SantanderSan José de Cúcuta805
colombia_Norte de SantanderSan José de Cúcuta805_316.png,"8.10040082931524,-72.40829699707017",Norte de SantanderSan José de Cúcuta805
colombia_Norte de SantanderSan José de Cúcuta805_317.png,"8.10040082931524,-72.39529699707016",Norte de SantanderSan José de Cúcuta805
colombia_Norte de SantanderSan José de Cúcuta805_318.png,"8.10040082931524,-72.38229699707016",Norte de SantanderSan José de Cúcuta805
colombia_Norte de SantanderSan José de Cúcuta805_319.png,"8.113400829315239,-72.56429699707023",Norte de SantanderSan José de Cúcuta805
colombia_Norte de SantanderSan José de Cúcuta805_320.png,"8.113400829315239,-72.55129699707022",Norte de SantanderSan José de Cúcuta805
colombia_Norte de SantanderSan José de Cúcuta805_321.png,"8.113400829315239,-72.53829699707022",Norte de SantanderSan José de Cúcuta805
colombia_Norte de SantanderSan José de Cúcuta805_322.png,"8.113400829315239,-72.52529699707021",Norte de SantanderSan José de Cúcuta805
colombia_Norte de SantanderSan José de Cúcuta805_323.png,"8.113400829315239,-72.51229699707021",Norte de SantanderSan José de Cúcuta805
colombia_Norte de SantanderSan José de Cúcuta805_324.png,"8.113400829315239,-72.4992969970702",Norte de SantanderSan José de Cúcuta805
colombia_Norte de SantanderSan José de Cúcuta805_325.png,"8.113400829315239,-72.4862969970702",Norte de SantanderSan José de Cúcuta805
colombia_Norte de SantanderSan José de Cúcuta805_326.png,"8.113400829315239,-72.4732969970702",Norte de SantanderSan José de Cúcuta805
colombia_Norte de SantanderSan José de Cúcuta805_327.png,"8.113400829315239,-72.46029699707019",Norte de SantanderSan José de Cúcuta805
colombia_Norte de SantanderSan José de Cúcuta805_328.png,"8.113400829315239,-72.44729699707018",Norte de SantanderSan José de Cúcuta805
colombia_Norte de SantanderSan José de Cúcuta805_329.png,"8.113400829315239,-72.43429699707018",Norte de SantanderSan José de Cúcuta805
colombia_Norte de SantanderSan José de Cúcuta805_330.png,"8.113400829315239,-72.42129699707017",Norte de SantanderSan José de Cúcuta805
colombia_Norte de SantanderSan José de Cúcuta805_331.png,"8.113400829315239,-72.40829699707017",Norte de SantanderSan José de Cúcuta805
colombia_Norte de SantanderSan José de Cúcuta805_332.png,"8.113400829315239,-72.39529699707016",Norte de SantanderSan José de Cúcuta805
colombia_Norte de SantanderSan José de Cúcuta805_333.png,"8.113400829315239,-72.38229699707016",Norte de SantanderSan José de Cúcuta805
colombia_Norte de SantanderSan José de Cúcuta805_334.png,"8.126400829315239,-72.56429699707023",Norte de SantanderSan José de Cúcuta805
colombia_Norte de SantanderSan José de Cúcuta805_335.png,"8.126400829315239,-72.55129699707022",Norte de SantanderSan José de Cúcuta805
colombia_Norte de SantanderSan José de Cúcuta805_336.png,"8.126400829315239,-72.53829699707022",Norte de SantanderSan José de Cúcuta805
colombia_Norte de SantanderSan José de Cúcuta805_337.png,"8.126400829315239,-72.52529699707021",Norte de SantanderSan José de Cúcuta805
colombia_Norte de SantanderSan José de Cúcuta805_338.png,"8.126400829315239,-72.51229699707021",Norte de SantanderSan José de Cúcuta805
colombia_Norte de SantanderSan José de Cúcuta805_339.png,"8.126400829315239,-72.4992969970702",Norte de SantanderSan José de Cúcuta805
colombia_Norte de SantanderSan José de Cúcuta805_340.png,"8.126400829315239,-72.4862969970702",Norte de SantanderSan José de Cúcuta805
colombia_Norte de SantanderSan José de Cúcuta805_341.png,"8.126400829315239,-72.4732969970702",Norte de SantanderSan José de Cúcuta805
colombia_Norte de SantanderSan José de Cúcuta805_342.png,"8.126400829315239,-72.46029699707019",Norte de SantanderSan José de Cúcuta805
colombia_Norte de SantanderSan José de Cúcuta805_343.png,"8.126400829315239,-72.44729699707018",Norte de SantanderSan José de Cúcuta805
colombia_Norte de SantanderSan José de Cúcuta805_344.png,"8.126400829315239,-72.43429699707018",Norte de SantanderSan José de Cúcuta805
colombia_Norte de SantanderSan José de Cúcuta805_345.png,"8.126400829315239,-72.42129699707017",Norte de SantanderSan José de Cúcuta805
colombia_Norte de SantanderSan José de Cúcuta805_346.png,"8.126400829315239,-72.40829699707017",Norte de SantanderSan José de Cúcuta805
colombia_Norte de SantanderSan José de Cúcuta805_347.png,"8.126400829315239,-72.39529699707016",Norte de SantanderSan José de Cúcuta805
colombia_Norte de SantanderSan José de Cúcuta805_348.png,"8.126400829315239,-72.38229699707016",Norte de SantanderSan José de Cúcuta805
colombia_Norte de SantanderSan José de Cúcuta805_349.png,"8.126400829315239,-72.36929699707015",Norte de SantanderSan José de Cúcuta805
colombia_Norte de SantanderSan José de Cúcuta805_350.png,"8.139400829315239,-72.56429699707023",Norte de SantanderSan José de Cúcuta805
colombia_Norte de SantanderSan José de Cúcuta805_351.png,"8.139400829315239,-72.55129699707022",Norte de SantanderSan José de Cúcuta805
colombia_Norte de SantanderSan José de Cúcuta805_352.png,"8.139400829315239,-72.53829699707022",Norte de SantanderSan José de Cúcuta805
colombia_Norte de SantanderSan José de Cúcuta805_353.png,"8.139400829315239,-72.52529699707021",Norte de SantanderSan José de Cúcuta805
colombia_Norte de SantanderSan José de Cúcuta805_354.png,"8.139400829315239,-72.51229699707021",Norte de SantanderSan José de Cúcuta805
colombia_Norte de SantanderSan José de Cúcuta805_355.png,"8.139400829315239,-72.4992969970702",Norte de SantanderSan José de Cúcuta805
colombia_Norte de SantanderSan José de Cúcuta805_356.png,"8.139400829315239,-72.4862969970702",Norte de SantanderSan José de Cúcuta805
colombia_Norte de SantanderSan José de Cúcuta805_357.png,"8.139400829315239,-72.4732969970702",Norte de SantanderSan José de Cúcuta805
colombia_Norte de SantanderSan José de Cúcuta805_358.png,"8.139400829315239,-72.46029699707019",Norte de SantanderSan José de Cúcuta805
colombia_Norte de SantanderSan José de Cúcuta805_359.png,"8.139400829315239,-72.44729699707018",Norte de SantanderSan José de Cúcuta805
colombia_Norte de SantanderSan José de Cúcuta805_360.png,"8.139400829315239,-72.43429699707018",Norte de SantanderSan José de Cúcuta805
colombia_Norte de SantanderSan José de Cúcuta805_361.png,"8.139400829315239,-72.42129699707017",Norte de SantanderSan José de Cúcuta805
colombia_Norte de SantanderSan José de Cúcuta805_362.png,"8.139400829315239,-72.40829699707017",Norte de SantanderSan José de Cúcuta805
colombia_Norte de SantanderSan José de Cúcuta805_363.png,"8.139400829315239,-72.39529699707016",Norte de SantanderSan José de Cúcuta805
colombia_Norte de SantanderSan José de Cúcuta805_364.png,"8.139400829315239,-72.38229699707016",Norte de SantanderSan José de Cúcuta805
colombia_Norte de SantanderSan José de Cúcuta805_365.png,"8.139400829315239,-72.36929699707015",Norte de SantanderSan José de Cúcuta805
colombia_Norte de SantanderSan José de Cúcuta805_366.png,"8.152400829315239,-72.55129699707022",Norte de SantanderSan José de Cúcuta805
colombia_Norte de SantanderSan José de Cúcuta805_367.png,"8.152400829315239,-72.53829699707022",Norte de SantanderSan José de Cúcuta805
colombia_Norte de SantanderSan José de Cúcuta805_368.png,"8.152400829315239,-72.52529699707021",Norte de SantanderSan José de Cúcuta805
colombia_Norte de SantanderSan José de Cúcuta805_369.png,"8.152400829315239,-72.51229699707021",Norte de SantanderSan José de Cúcuta805
colombia_Norte de SantanderSan José de Cúcuta805_370.png,"8.152400829315239,-72.4992969970702",Norte de SantanderSan José de Cúcuta805
colombia_Norte de SantanderSan José de Cúcuta805_371.png,"8.152400829315239,-72.4862969970702",Norte de SantanderSan José de Cúcuta805
colombia_Norte de SantanderSan José de Cúcuta805_372.png,"8.152400829315239,-72.4732969970702",Norte de SantanderSan José de Cúcuta805
colombia_Norte de SantanderSan José de Cúcuta805_373.png,"8.152400829315239,-72.46029699707019",Norte de SantanderSan José de Cúcuta805
colombia_Norte de SantanderSan José de Cúcuta805_374.png,"8.152400829315239,-72.44729699707018",Norte de SantanderSan José de Cúcuta805
colombia_Norte de SantanderSan José de Cúcuta805_375.png,"8.152400829315239,-72.43429699707018",Norte de SantanderSan José de Cúcuta805
colombia_Norte de SantanderSan José de Cúcuta805_376.png,"8.152400829315239,-72.42129699707017",Norte de SantanderSan José de Cúcuta805
colombia_Norte de SantanderSan José de Cúcuta805_377.png,"8.152400829315239,-72.40829699707017",Norte de SantanderSan José de Cúcuta805
colombia_Norte de SantanderSan José de Cúcuta805_378.png,"8.152400829315239,-72.39529699707016",Norte de SantanderSan José de Cúcuta805
colombia_Norte de SantanderSan José de Cúcuta805_379.png,"8.152400829315239,-72.38229699707016",Norte de SantanderSan José de Cúcuta805
colombia_Norte de SantanderSan José de Cúcuta805_380.png,"8.152400829315239,-72.36929699707015",Norte de SantanderSan José de Cúcuta805
colombia_Norte de SantanderSan José de Cúcuta805_381.png,"8.165400829315239,-72.55129699707022",Norte de SantanderSan José de Cúcuta805
colombia_Norte de SantanderSan José de Cúcuta805_382.png,"8.165400829315239,-72.53829699707022",Norte de SantanderSan José de Cúcuta805
colombia_Norte de SantanderSan José de Cúcuta805_383.png,"8.165400829315239,-72.52529699707021",Norte de SantanderSan José de Cúcuta805
colombia_Norte de SantanderSan José de Cúcuta805_384.png,"8.165400829315239,-72.51229699707021",Norte de SantanderSan José de Cúcuta805
colombia_Norte de SantanderSan José de Cúcuta805_385.png,"8.165400829315239,-72.4992969970702",Norte de SantanderSan José de Cúcuta805
colombia_Norte de SantanderSan José de Cúcuta805_386.png,"8.165400829315239,-72.4862969970702",Norte de SantanderSan José de Cúcuta805
colombia_Norte de SantanderSan José de Cúcuta805_387.png,"8.165400829315239,-72.4732969970702",Norte de SantanderSan José de Cúcuta805
colombia_Norte de SantanderSan José de Cúcuta805_388.png,"8.165400829315239,-72.46029699707019",Norte de SantanderSan José de Cúcuta805
colombia_Norte de SantanderSan José de Cúcuta805_389.png,"8.165400829315239,-72.44729699707018",Norte de SantanderSan José de Cúcuta805
colombia_Norte de SantanderSan José de Cúcuta805_390.png,"8.165400829315239,-72.43429699707018",Norte de SantanderSan José de Cúcuta805
colombia_Norte de SantanderSan José de Cúcuta805_391.png,"8.165400829315239,-72.42129699707017",Norte de SantanderSan José de Cúcuta805
colombia_Norte de SantanderSan José de Cúcuta805_392.png,"8.165400829315239,-72.40829699707017",Norte de SantanderSan José de Cúcuta805
colombia_Norte de SantanderSan José de Cúcuta805_393.png,"8.165400829315239,-72.39529699707016",Norte de SantanderSan José de Cúcuta805
colombia_Norte de SantanderSan José de Cúcuta805_394.png,"8.165400829315239,-72.38229699707016",Norte de SantanderSan José de Cúcuta805
colombia_Norte de SantanderSan José de Cúcuta805_395.png,"8.165400829315239,-72.36929699707015",Norte de SantanderSan José de Cúcuta805
colombia_Norte de SantanderSan José de Cúcuta805_396.png,"8.165400829315239,-72.35629699707015",Norte de SantanderSan José de Cúcuta805
colombia_Norte de SantanderSan José de Cúcuta805_397.png,"8.178400829315239,-72.55129699707022",Norte de SantanderSan José de Cúcuta805
colombia_Norte de SantanderSan José de Cúcuta805_398.png,"8.178400829315239,-72.53829699707022",Norte de SantanderSan José de Cúcuta805
colombia_Norte de SantanderSan José de Cúcuta805_399.png,"8.178400829315239,-72.52529699707021",Norte de SantanderSan José de Cúcuta805
colombia_Norte de SantanderSan José de Cúcuta805_400.png,"8.178400829315239,-72.51229699707021",Norte de SantanderSan José de Cúcuta805
colombia_Norte de SantanderSan José de Cúcuta805_401.png,"8.178400829315239,-72.4992969970702",Norte de SantanderSan José de Cúcuta805
colombia_Norte de SantanderSan José de Cúcuta805_402.png,"8.178400829315239,-72.4862969970702",Norte de SantanderSan José de Cúcuta805
colombia_Norte de SantanderSan José de Cúcuta805_403.png,"8.178400829315239,-72.4732969970702",Norte de SantanderSan José de Cúcuta805
colombia_Norte de SantanderSan José de Cúcuta805_404.png,"8.178400829315239,-72.46029699707019",Norte de SantanderSan José de Cúcuta805
colombia_Norte de SantanderSan José de Cúcuta805_405.png,"8.178400829315239,-72.44729699707018",Norte de SantanderSan José de Cúcuta805
colombia_Norte de SantanderSan José de Cúcuta805_406.png,"8.178400829315239,-72.43429699707018",Norte de SantanderSan José de Cúcuta805
colombia_Norte de SantanderSan José de Cúcuta805_407.png,"8.178400829315239,-72.42129699707017",Norte de SantanderSan José de Cúcuta805
colombia_Norte de SantanderSan José de Cúcuta805_408.png,"8.178400829315239,-72.40829699707017",Norte de SantanderSan José de Cúcuta805
colombia_Norte de SantanderSan José de Cúcuta805_409.png,"8.178400829315239,-72.39529699707016",Norte de SantanderSan José de Cúcuta805
colombia_Norte de SantanderSan José de Cúcuta805_410.png,"8.178400829315239,-72.38229699707016",Norte de SantanderSan José de Cúcuta805
colombia_Norte de SantanderSan José de Cúcuta805_411.png,"8.178400829315239,-72.36929699707015",Norte de SantanderSan José de Cúcuta805
colombia_Norte de SantanderSan José de Cúcuta805_412.png,"8.191400829315238,-72.55129699707022",Norte de SantanderSan José de Cúcuta805
colombia_Norte de SantanderSan José de Cúcuta805_413.png,"8.191400829315238,-72.53829699707022",Norte de SantanderSan José de Cúcuta805
colombia_Norte de SantanderSan José de Cúcuta805_414.png,"8.191400829315238,-72.52529699707021",Norte de SantanderSan José de Cúcuta805
colombia_Norte de SantanderSan José de Cúcuta805_415.png,"8.191400829315238,-72.51229699707021",Norte de SantanderSan José de Cúcuta805
colombia_Norte de SantanderSan José de Cúcuta805_416.png,"8.191400829315238,-72.4992969970702",Norte de SantanderSan José de Cúcuta805
colombia_Norte de SantanderSan José de Cúcuta805_417.png,"8.191400829315238,-72.4862969970702",Norte de SantanderSan José de Cúcuta805
colombia_Norte de SantanderSan José de Cúcuta805_418.png,"8.191400829315238,-72.4732969970702",Norte de SantanderSan José de Cúcuta805
colombia_Norte de SantanderSan José de Cúcuta805_419.png,"8.191400829315238,-72.46029699707019",Norte de SantanderSan José de Cúcuta805
colombia_Norte de SantanderSan José de Cúcuta805_420.png,"8.191400829315238,-72.44729699707018",Norte de SantanderSan José de Cúcuta805
colombia_Norte de SantanderSan José de Cúcuta805_421.png,"8.191400829315238,-72.43429699707018",Norte de SantanderSan José de Cúcuta805
colombia_Norte de SantanderSan José de Cúcuta805_422.png,"8.191400829315238,-72.42129699707017",Norte de SantanderSan José de Cúcuta805
colombia_Norte de SantanderSan José de Cúcuta805_423.png,"8.191400829315238,-72.40829699707017",Norte de SantanderSan José de Cúcuta805
colombia_Norte de SantanderSan José de Cúcuta805_424.png,"8.191400829315238,-72.39529699707016",Norte de SantanderSan José de Cúcuta805
colombia_Norte de SantanderSan José de Cúcuta805_425.png,"8.191400829315238,-72.38229699707016",Norte de SantanderSan José de Cúcuta805
colombia_Norte de SantanderSan José de Cúcuta805_426.png,"8.191400829315238,-72.36929699707015",Norte de SantanderSan José de Cúcuta805
colombia_Norte de SantanderSan José de Cúcuta805_427.png,"8.204400829315238,-72.57729699707023",Norte de SantanderSan José de Cúcuta805
colombia_Norte de SantanderSan José de Cúcuta805_428.png,"8.204400829315238,-72.56429699707023",Norte de SantanderSan José de Cúcuta805
colombia_Norte de SantanderSan José de Cúcuta805_429.png,"8.204400829315238,-72.55129699707022",Norte de SantanderSan José de Cúcuta805
colombia_Norte de SantanderSan José de Cúcuta805_430.png,"8.204400829315238,-72.53829699707022",Norte de SantanderSan José de Cúcuta805
colombia_Norte de SantanderSan José de Cúcuta805_431.png,"8.204400829315238,-72.52529699707021",Norte de SantanderSan José de Cúcuta805
colombia_Norte de SantanderSan José de Cúcuta805_432.png,"8.204400829315238,-72.51229699707021",Norte de SantanderSan José de Cúcuta805
colombia_Norte de SantanderSan José de Cúcuta805_433.png,"8.204400829315238,-72.4992969970702",Norte de SantanderSan José de Cúcuta805
colombia_Norte de SantanderSan José de Cúcuta805_434.png,"8.204400829315238,-72.4862969970702",Norte de SantanderSan José de Cúcuta805
colombia_Norte de SantanderSan José de Cúcuta805_435.png,"8.204400829315238,-72.4732969970702",Norte de SantanderSan José de Cúcuta805
colombia_Norte de SantanderSan José de Cúcuta805_436.png,"8.204400829315238,-72.46029699707019",Norte de SantanderSan José de Cúcuta805
colombia_Norte de SantanderSan José de Cúcuta805_437.png,"8.204400829315238,-72.44729699707018",Norte de SantanderSan José de Cúcuta805
colombia_Norte de SantanderSan José de Cúcuta805_438.png,"8.204400829315238,-72.43429699707018",Norte de SantanderSan José de Cúcuta805
colombia_Norte de SantanderSan José de Cúcuta805_439.png,"8.204400829315238,-72.42129699707017",Norte de SantanderSan José de Cúcuta805
colombia_Norte de SantanderSan José de Cúcuta805_440.png,"8.204400829315238,-72.40829699707017",Norte de SantanderSan José de Cúcuta805
colombia_Norte de SantanderSan José de Cúcuta805_441.png,"8.204400829315238,-72.39529699707016",Norte de SantanderSan José de Cúcuta805
colombia_Norte de SantanderSan José de Cúcuta805_442.png,"8.204400829315238,-72.38229699707016",Norte de SantanderSan José de Cúcuta805
colombia_Norte de SantanderSan José de Cúcuta805_443.png,"8.204400829315238,-72.36929699707015",Norte de SantanderSan José de Cúcuta805
colombia_Norte de SantanderSan José de Cúcuta805_444.png,"8.217400829315238,-72.57729699707023",Norte de SantanderSan José de Cúcuta805
colombia_Norte de SantanderSan José de Cúcuta805_445.png,"8.217400829315238,-72.56429699707023",Norte de SantanderSan José de Cúcuta805
colombia_Norte de SantanderSan José de Cúcuta805_446.png,"8.217400829315238,-72.55129699707022",Norte de SantanderSan José de Cúcuta805
colombia_Norte de SantanderSan José de Cúcuta805_447.png,"8.217400829315238,-72.53829699707022",Norte de SantanderSan José de Cúcuta805
colombia_Norte de SantanderSan José de Cúcuta805_448.png,"8.217400829315238,-72.52529699707021",Norte de SantanderSan José de Cúcuta805
colombia_Norte de SantanderSan José de Cúcuta805_449.png,"8.217400829315238,-72.51229699707021",Norte de SantanderSan José de Cúcuta805
colombia_Norte de SantanderSan José de Cúcuta805_450.png,"8.217400829315238,-72.4992969970702",Norte de SantanderSan José de Cúcuta805
colombia_Norte de SantanderSan José de Cúcuta805_451.png,"8.217400829315238,-72.4862969970702",Norte de SantanderSan José de Cúcuta805
colombia_Norte de SantanderSan José de Cúcuta805_452.png,"8.217400829315238,-72.4732969970702",Norte de SantanderSan José de Cúcuta805
colombia_Norte de SantanderSan José de Cúcuta805_453.png,"8.217400829315238,-72.46029699707019",Norte de SantanderSan José de Cúcuta805
colombia_Norte de SantanderSan José de Cúcuta805_454.png,"8.217400829315238,-72.44729699707018",Norte de SantanderSan José de Cúcuta805
colombia_Norte de SantanderSan José de Cúcuta805_455.png,"8.217400829315238,-72.43429699707018",Norte de SantanderSan José de Cúcuta805
colombia_Norte de SantanderSan José de Cúcuta805_456.png,"8.217400829315238,-72.42129699707017",Norte de SantanderSan José de Cúcuta805
colombia_Norte de SantanderSan José de Cúcuta805_457.png,"8.217400829315238,-72.40829699707017",Norte de SantanderSan José de Cúcuta805
colombia_Norte de SantanderSan José de Cúcuta805_458.png,"8.217400829315238,-72.39529699707016",Norte de SantanderSan José de Cúcuta805
colombia_Norte de SantanderSan José de Cúcuta805_459.png,"8.217400829315238,-72.38229699707016",Norte de SantanderSan José de Cúcuta805
colombia_Norte de SantanderSan José de Cúcuta805_460.png,"8.230400829315238,-72.57729699707023",Norte de SantanderSan José de Cúcuta805
colombia_Norte de SantanderSan José de Cúcuta805_461.png,"8.230400829315238,-72.56429699707023",Norte de SantanderSan José de Cúcuta805
colombia_Norte de SantanderSan José de Cúcuta805_462.png,"8.230400829315238,-72.55129699707022",Norte de SantanderSan José de Cúcuta805
colombia_Norte de SantanderSan José de Cúcuta805_463.png,"8.230400829315238,-72.53829699707022",Norte de SantanderSan José de Cúcuta805
colombia_Norte de SantanderSan José de Cúcuta805_464.png,"8.230400829315238,-72.52529699707021",Norte de SantanderSan José de Cúcuta805
colombia_Norte de SantanderSan José de Cúcuta805_465.png,"8.230400829315238,-72.51229699707021",Norte de SantanderSan José de Cúcuta805
colombia_Norte de SantanderSan José de Cúcuta805_466.png,"8.230400829315238,-72.4992969970702",Norte de SantanderSan José de Cúcuta805
colombia_Norte de SantanderSan José de Cúcuta805_467.png,"8.230400829315238,-72.4862969970702",Norte de SantanderSan José de Cúcuta805
colombia_Norte de SantanderSan José de Cúcuta805_468.png,"8.230400829315238,-72.4732969970702",Norte de SantanderSan José de Cúcuta805
colombia_Norte de SantanderSan José de Cúcuta805_469.png,"8.230400829315238,-72.46029699707019",Norte de SantanderSan José de Cúcuta805
colombia_Norte de SantanderSan José de Cúcuta805_470.png,"8.230400829315238,-72.44729699707018",Norte de SantanderSan José de Cúcuta805
colombia_Norte de SantanderSan José de Cúcuta805_471.png,"8.230400829315238,-72.43429699707018",Norte de SantanderSan José de Cúcuta805
colombia_Norte de SantanderSan José de Cúcuta805_472.png,"8.230400829315238,-72.42129699707017",Norte de SantanderSan José de Cúcuta805
colombia_Norte de SantanderSan José de Cúcuta805_473.png,"8.230400829315238,-72.40829699707017",Norte de SantanderSan José de Cúcuta805
colombia_Norte de SantanderSan José de Cúcuta805_474.png,"8.230400829315238,-72.39529699707016",Norte de SantanderSan José de Cúcuta805
colombia_Norte de SantanderSan José de Cúcuta805_475.png,"8.230400829315238,-72.38229699707016",Norte de SantanderSan José de Cúcuta805
colombia_Norte de SantanderSan José de Cúcuta805_476.png,"8.243400829315238,-72.57729699707023",Norte de SantanderSan José de Cúcuta805
colombia_Norte de SantanderSan José de Cúcuta805_477.png,"8.243400829315238,-72.56429699707023",Norte de SantanderSan José de Cúcuta805
colombia_Norte de SantanderSan José de Cúcuta805_478.png,"8.243400829315238,-72.55129699707022",Norte de SantanderSan José de Cúcuta805
colombia_Norte de SantanderSan José de Cúcuta805_479.png,"8.243400829315238,-72.53829699707022",Norte de SantanderSan José de Cúcuta805
colombia_Norte de SantanderSan José de Cúcuta805_480.png,"8.243400829315238,-72.52529699707021",Norte de SantanderSan José de Cúcuta805
colombia_Norte de SantanderSan José de Cúcuta805_481.png,"8.243400829315238,-72.51229699707021",Norte de SantanderSan José de Cúcuta805
colombia_Norte de SantanderSan José de Cúcuta805_482.png,"8.243400829315238,-72.4992969970702",Norte de SantanderSan José de Cúcuta805
colombia_Norte de SantanderSan José de Cúcuta805_483.png,"8.243400829315238,-72.4862969970702",Norte de SantanderSan José de Cúcuta805
colombia_Norte de SantanderSan José de Cúcuta805_484.png,"8.243400829315238,-72.4732969970702",Norte de SantanderSan José de Cúcuta805
colombia_Norte de SantanderSan José de Cúcuta805_485.png,"8.243400829315238,-72.46029699707019",Norte de SantanderSan José de Cúcuta805
colombia_Norte de SantanderSan José de Cúcuta805_486.png,"8.243400829315238,-72.42129699707017",Norte de SantanderSan José de Cúcuta805
colombia_Norte de SantanderSan José de Cúcuta805_487.png,"8.243400829315238,-72.40829699707017",Norte de SantanderSan José de Cúcuta805
colombia_Norte de SantanderSan José de Cúcuta805_488.png,"8.243400829315238,-72.39529699707016",Norte de SantanderSan José de Cúcuta805
colombia_Norte de SantanderSan José de Cúcuta805_489.png,"8.256400829315238,-72.59029699707024",Norte de SantanderSan José de Cúcuta805
colombia_Norte de SantanderSan José de Cúcuta805_490.png,"8.256400829315238,-72.57729699707023",Norte de SantanderSan José de Cúcuta805
colombia_Norte de SantanderSan José de Cúcuta805_491.png,"8.256400829315238,-72.56429699707023",Norte de SantanderSan José de Cúcuta805
colombia_Norte de SantanderSan José de Cúcuta805_492.png,"8.256400829315238,-72.55129699707022",Norte de SantanderSan José de Cúcuta805
colombia_Norte de SantanderSan José de Cúcuta805_493.png,"8.256400829315238,-72.53829699707022",Norte de SantanderSan José de Cúcuta805
colombia_Norte de SantanderSan José de Cúcuta805_494.png,"8.256400829315238,-72.52529699707021",Norte de SantanderSan José de Cúcuta805
colombia_Norte de SantanderSan José de Cúcuta805_495.png,"8.256400829315238,-72.51229699707021",Norte de SantanderSan José de Cúcuta805
colombia_Norte de SantanderSan José de Cúcuta805_496.png,"8.256400829315238,-72.4992969970702",Norte de SantanderSan José de Cúcuta805
colombia_Norte de SantanderSan José de Cúcuta805_497.png,"8.256400829315238,-72.4862969970702",Norte de SantanderSan José de Cúcuta805
colombia_Norte de SantanderSan José de Cúcuta805_498.png,"8.256400829315238,-72.4732969970702",Norte de SantanderSan José de Cúcuta805
colombia_Norte de SantanderSan José de Cúcuta805_499.png,"8.269400829315238,-72.60329699707025",Norte de SantanderSan José de Cúcuta805
colombia_Norte de SantanderSan José de Cúcuta805_500.png,"8.269400829315238,-72.59029699707024",Norte de SantanderSan José de Cúcuta805
colombia_Norte de SantanderSan José de Cúcuta805_501.png,"8.269400829315238,-72.57729699707023",Norte de SantanderSan José de Cúcuta805
colombia_Norte de SantanderSan José de Cúcuta805_502.png,"8.269400829315238,-72.56429699707023",Norte de SantanderSan José de Cúcuta805
colombia_Norte de SantanderSan José de Cúcuta805_503.png,"8.269400829315238,-72.55129699707022",Norte de SantanderSan José de Cúcuta805
colombia_Norte de SantanderSan José de Cúcuta805_504.png,"8.269400829315238,-72.53829699707022",Norte de SantanderSan José de Cúcuta805
colombia_Norte de SantanderSan José de Cúcuta805_505.png,"8.269400829315238,-72.52529699707021",Norte de SantanderSan José de Cúcuta805
colombia_Norte de SantanderSan José de Cúcuta805_506.png,"8.269400829315238,-72.51229699707021",Norte de SantanderSan José de Cúcuta805
colombia_Norte de SantanderSan José de Cúcuta805_507.png,"8.269400829315238,-72.4992969970702",Norte de SantanderSan José de Cúcuta805
colombia_Norte de SantanderSan José de Cúcuta805_508.png,"8.269400829315238,-72.4862969970702",Norte de SantanderSan José de Cúcuta805
colombia_Norte de SantanderSan José de Cúcuta805_509.png,"8.269400829315238,-72.4732969970702",Norte de SantanderSan José de Cúcuta805
colombia_Norte de SantanderSan José de Cúcuta805_510.png,"8.282400829315238,-72.61629699707025",Norte de SantanderSan José de Cúcuta805
colombia_Norte de SantanderSan José de Cúcuta805_511.png,"8.282400829315238,-72.60329699707025",Norte de SantanderSan José de Cúcuta805
colombia_Norte de SantanderSan José de Cúcuta805_512.png,"8.282400829315238,-72.59029699707024",Norte de SantanderSan José de Cúcuta805
colombia_Norte de SantanderSan José de Cúcuta805_513.png,"8.282400829315238,-72.57729699707023",Norte de SantanderSan José de Cúcuta805
colombia_Norte de SantanderSan José de Cúcuta805_514.png,"8.282400829315238,-72.56429699707023",Norte de SantanderSan José de Cúcuta805
colombia_Norte de SantanderSan José de Cúcuta805_515.png,"8.282400829315238,-72.55129699707022",Norte de SantanderSan José de Cúcuta805
colombia_Norte de SantanderSan José de Cúcuta805_516.png,"8.282400829315238,-72.53829699707022",Norte de SantanderSan José de Cúcuta805
colombia_Norte de SantanderSan José de Cúcuta805_517.png,"8.282400829315238,-72.52529699707021",Norte de SantanderSan José de Cúcuta805
colombia_Norte de SantanderSan José de Cúcuta805_518.png,"8.282400829315238,-72.51229699707021",Norte de SantanderSan José de Cúcuta805
colombia_Norte de SantanderSan José de Cúcuta805_519.png,"8.282400829315238,-72.4992969970702",Norte de SantanderSan José de Cúcuta805
colombia_Norte de SantanderSan José de Cúcuta805_520.png,"8.295400829315238,-72.60329699707025",Norte de SantanderSan José de Cúcuta805
colombia_Norte de SantanderSan José de Cúcuta805_521.png,"8.295400829315238,-72.59029699707024",Norte de SantanderSan José de Cúcuta805
colombia_Norte de SantanderSan José de Cúcuta805_522.png,"8.295400829315238,-72.57729699707023",Norte de SantanderSan José de Cúcuta805
colombia_Norte de SantanderSan José de Cúcuta805_523.png,"8.295400829315238,-72.55129699707022",Norte de SantanderSan José de Cúcuta805
colombia_Norte de SantanderSan José de Cúcuta805_524.png,"8.295400829315238,-72.53829699707022",Norte de SantanderSan José de Cúcuta805
colombia_Norte de SantanderSan José de Cúcuta805_525.png,"8.295400829315238,-72.52529699707021",Norte de SantanderSan José de Cúcuta805
colombia_Norte de SantanderSan José de Cúcuta805_526.png,"8.295400829315238,-72.51229699707021",Norte de SantanderSan José de Cúcuta805
colombia_Norte de SantanderSan José de Cúcuta805_527.png,"8.308400829315238,-72.60329699707025",Norte de SantanderSan José de Cúcuta805
colombia_Norte de SantanderSan José de Cúcuta805_528.png,"8.308400829315238,-72.59029699707024",Norte de SantanderSan José de Cúcuta805
colombia_Norte de SantanderSan José de Cúcuta805_529.png,"8.308400829315238,-72.55129699707022",Norte de SantanderSan José de Cúcuta805
colombia_Norte de SantanderSan José de Cúcuta805_530.png,"8.308400829315238,-72.53829699707022",Norte de SantanderSan José de Cúcuta805
colombia_Norte de SantanderSan José de Cúcuta805_531.png,"8.308400829315238,-72.52529699707021",Norte de SantanderSan José de Cúcuta805
colombia_Norte de SantanderSan José de Cúcuta805_532.png,"8.308400829315238,-72.51229699707021",Norte de SantanderSan José de Cúcuta805
colombia_Norte de SantanderSan José de Cúcuta805_533.png,"8.321400829315238,-72.60329699707025",Norte de SantanderSan José de Cúcuta805
colombia_Norte de SantanderSan José de Cúcuta805_534.png,"8.321400829315238,-72.59029699707024",Norte de SantanderSan José de Cúcuta805
colombia_Norte de SantanderSan José de Cúcuta805_535.png,"8.321400829315238,-72.53829699707022",Norte de SantanderSan José de Cúcuta805
colombia_Norte de SantanderSan José de Cúcuta805_536.png,"8.321400829315238,-72.52529699707021",Norte de SantanderSan José de Cúcuta805
colombia_Norte de SantanderSan José de Cúcuta805_537.png,"8.321400829315238,-72.51229699707021",Norte de SantanderSan José de Cúcuta805
colombia_Norte de SantanderSan José de Cúcuta805_538.png,"8.334400829315237,-72.53829699707022",Norte de SantanderSan José de Cúcuta805
colombia_Norte de SantanderSan José de Cúcuta805_539.png,"8.334400829315237,-72.52529699707021",Norte de SantanderSan José de Cúcuta805
colombia_Norte de SantanderSan José de Cúcuta805_540.png,"8.334400829315237,-72.51229699707021",Norte de SantanderSan José de Cúcuta805
colombia_Norte de SantanderSan José de Cúcuta805_541.png,"8.347400829315237,-72.53829699707022",Norte de SantanderSan José de Cúcuta805
colombia_Norte de SantanderSan José de Cúcuta805_542.png,"8.347400829315237,-72.52529699707021",Norte de SantanderSan José de Cúcuta805
colombia_Norte de SantanderSan José de Cúcuta805_543.png,"8.347400829315237,-72.51229699707021",Norte de SantanderSan José de Cúcuta805
colombia_Norte de SantanderSan José de Cúcuta805_544.png,"8.347400829315237,-72.4992969970702",Norte de SantanderSan José de Cúcuta805
colombia_Norte de SantanderSan José de Cúcuta805_545.png,"8.360400829315237,-72.53829699707022",Norte de SantanderSan José de Cúcuta805
colombia_Norte de SantanderSan José de Cúcuta805_546.png,"8.360400829315237,-72.52529699707021",Norte de SantanderSan José de Cúcuta805
colombia_Norte de SantanderSan José de Cúcuta805_547.png,"8.360400829315237,-72.51229699707021",Norte de SantanderSan José de Cúcuta805
colombia_Norte de SantanderSan José de Cúcuta805_548.png,"8.360400829315237,-72.4992969970702",Norte de SantanderSan José de Cúcuta805
colombia_Norte de SantanderSan José de Cúcuta805_549.png,"8.360400829315237,-72.4862969970702",Norte de SantanderSan José de Cúcuta805
colombia_Norte de SantanderSan José de Cúcuta805_550.png,"8.373400829315237,-72.55129699707022",Norte de SantanderSan José de Cúcuta805
colombia_Norte de SantanderSan José de Cúcuta805_551.png,"8.373400829315237,-72.53829699707022",Norte de SantanderSan José de Cúcuta805
colombia_Norte de SantanderSan José de Cúcuta805_552.png,"8.373400829315237,-72.52529699707021",Norte de SantanderSan José de Cúcuta805
colombia_Norte de SantanderSan José de Cúcuta805_553.png,"8.373400829315237,-72.51229699707021",Norte de SantanderSan José de Cúcuta805
colombia_Norte de SantanderSan José de Cúcuta805_554.png,"8.373400829315237,-72.4992969970702",Norte de SantanderSan José de Cúcuta805
colombia_Norte de SantanderSan José de Cúcuta805_555.png,"8.373400829315237,-72.4862969970702",Norte de SantanderSan José de Cúcuta805
colombia_Norte de SantanderSan José de Cúcuta805_556.png,"8.373400829315237,-72.4732969970702",Norte de SantanderSan José de Cúcuta805
colombia_Norte de SantanderSan José de Cúcuta805_557.png,"8.373400829315237,-72.46029699707019",Norte de SantanderSan José de Cúcuta805
colombia_Norte de SantanderSan José de Cúcuta805_558.png,"8.386400829315237,-72.53829699707022",Norte de SantanderSan José de Cúcuta805
colombia_Norte de SantanderSan José de Cúcuta805_559.png,"8.386400829315237,-72.52529699707021",Norte de SantanderSan José de Cúcuta805
colombia_Norte de SantanderSan José de Cúcuta805_560.png,"8.386400829315237,-72.51229699707021",Norte de SantanderSan José de Cúcuta805
colombia_Norte de SantanderSan José de Cúcuta805_561.png,"8.386400829315237,-72.4992969970702",Norte de SantanderSan José de Cúcuta805
colombia_Norte de SantanderSan José de Cúcuta805_562.png,"8.386400829315237,-72.4862969970702",Norte de SantanderSan José de Cúcuta805
colombia_Norte de SantanderSan José de Cúcuta805_563.png,"8.386400829315237,-72.4732969970702",Norte de SantanderSan José de Cúcuta805
colombia_Norte de SantanderSan José de Cúcuta805_564.png,"8.386400829315237,-72.46029699707019",Norte de SantanderSan José de Cúcuta805
colombia_Norte de SantanderSan José de Cúcuta805_565.png,"8.386400829315237,-72.44729699707018",Norte de SantanderSan José de Cúcuta805
colombia_Norte de SantanderSan José de Cúcuta805_566.png,"8.386400829315237,-72.43429699707018",Norte de SantanderSan José de Cúcuta805
colombia_Norte de SantanderSan José de Cúcuta805_567.png,"8.399400829315237,-72.4862969970702",Norte de SantanderSan José de Cúcuta805
colombia_Norte de SantanderSan José de Cúcuta805_568.png,"8.399400829315237,-72.4732969970702",Norte de SantanderSan José de Cúcuta805
colombia_Norte de SantanderSan José de Cúcuta805_569.png,"8.399400829315237,-72.46029699707019",Norte de SantanderSan José de Cúcuta805
colombia_Norte de SantanderSan José de Cúcuta805_570.png,"8.399400829315237,-72.44729699707018",Norte de SantanderSan José de Cúcuta805
colombia_Norte de SantanderSan José de Cúcuta805_571.png,"8.412400829315237,-72.4732969970702",Norte de SantanderSan José de Cúcuta805
colombia_Norte de SantanderSan José de Cúcuta805_572.png,"8.412400829315237,-72.46029699707019",Norte de SantanderSan José de Cúcuta805
colombia_Norte de SantanderSan José de Cúcuta805_573.png,"8.412400829315237,-72.44729699707018",Norte de SantanderSan José de Cúcuta805
